{
  "rows_raw": 2964624,
  "rows_clean": 2797016,
  "sample_n": 398169,
  "regression_results": {
    "Simple Linear (fare~distance)": {
      "r2": 0.8928714880311093,
      "adj_r2": 0.8928701427363538,
      "rmse": 4.606715732087722,
      "mae": 2.666862258425579,
      "equation": "fare = 6.522 + 3.592 * distance",
      "cv_r2": "0.8916 \u00b1 0.0015"
    },
    "Multi-Variable Linear (fare)": {
      "r2": 0.9246659086625318,
      "adj_r2": 0.9246583397742342,
      "rmse": 3.863088475524312,
      "mae": 1.6892176983192693,
      "cv_r2": "0.9238 \u00b1 0.0025"
    },
    "Log-Linear (log duration)": {
      "r2_log_space": 0.46813783402847,
      "r2_raw_space": 0.26682977233068006,
      "rmse_raw_min": 9.374006409553317,
      "mae_raw_min": 5.528650313997136,
      "skewness_before_log": 3.089617106353154,
      "skewness_after_log": -0.04754471537273469
    },
    "Poisson (hourly trip counts)": {
      "pseudo_r2_mcfadden": 0.5887865517276347,
      "rmse": 164.2935385506448,
      "mae": 84.60871740585061,
      "mean_count": 103.02095422308189,
      "dispersion": 407.3701683209588,
      "overdispersion_note": "Dispersion ratio = 407.4 (Poisson assumes 1.0). Severe overdispersion \u2014 standard errors are underestimated. A Negative Binomial model would be more appropriate for these highly variable count data."
    },
    "Logistic (P(tip>0))": {
      "accuracy": 0.5698947685661904,
      "precision": 0.7973925953419319,
      "recall": 0.5739426625035481,
      "f1": 0.6674627909008826,
      "auc": 0.5905913216891961,
      "cv_auc": "0.5892 \u00b1 0.0027"
    }
  },
  "decision_tree": {
    "accuracy": 0.6080191877841123,
    "precision": 0.39478251582067236,
    "recall": 0.6336247535784691,
    "f1": 0.4864687011598256,
    "auc": 0.6475821733690126
  },
  "kmeans": {
    "k": 4,
    "silhouette": 0.3647184903235219,
    "profiles": [
      {
        "cluster": 0,
        "label": "Nightlife / Evening",
        "size": 37
      },
      {
        "cluster": 1,
        "label": "Airport Feeder",
        "size": 2
      },
      {
        "cluster": 2,
        "label": "Dense High-Volume Core",
        "size": 53
      },
      {
        "cluster": 3,
        "label": "Morning Commute",
        "size": 42
      }
    ]
  },
  "dbscan": {
    "clusters": 1,
    "outliers": 8
  },
  "apriori_top3": [
    {
      "antecedent": "DO_bor=Queens, PU_bor=Manhattan",
      "consequent": "DO=LaGuardia Airport",
      "support": 0.0134,
      "confidence": 0.38,
      "lift": 25.37,
      "count": 5317
    },
    {
      "antecedent": "DO_bor=Manhattan, PU_bor=Queens, rush=yes",
      "consequent": "PU=LaGuardia Airport",
      "support": 0.0058,
      "confidence": 0.463,
      "lift": 18.25,
      "count": 2313
    },
    {
      "antecedent": "DO_bor=Manhattan, PU_bor=Queens",
      "consequent": "PU=LaGuardia Airport",
      "support": 0.0179,
      "confidence": 0.436,
      "lift": 17.2,
      "count": 7116
    }
  ],
  "pca_components_for_90pct": 4,
  "lift_metrics": {
    "top10_capture_pct": 10.8,
    "top10_lift": 1.078,
    "top20_capture_pct": 21.4,
    "top20_lift": 1.071,
    "top30_capture_pct": 32.1,
    "top30_lift": 1.071
  },
  "dbscan_outlier_zones": [
    {
      "Zone": "JFK Airport",
      "Borough": "Queens",
      "trips": 15509,
      "avg_fare": 54.68215616738668,
      "airport_share": 1.0
    },
    {
      "Zone": "LaGuardia Airport",
      "Borough": "Queens",
      "trips": 10090,
      "avg_fare": 40.46748860257681,
      "airport_share": 1.0
    },
    {
      "Zone": "East Elmhurst",
      "Borough": "Queens",
      "trips": 1342,
      "avg_fare": 39.50550670640835,
      "airport_share": 0.0
    },
    {
      "Zone": "Cobble Hill",
      "Borough": "Brooklyn",
      "trips": 76,
      "avg_fare": 26.50828947368421,
      "airport_share": 0.0
    },
    {
      "Zone": "Springfield Gardens South",
      "Borough": "Queens",
      "trips": 73,
      "avg_fare": 50.86506849315069,
      "airport_share": 0.0
    }
  ],
  "dt_feature_importance": {
    "trip_distance": 0.0737622637251226,
    "duration_min": 0.24459812173040546,
    "fare_amount": 0.07927866902734064,
    "passenger_count": 0.013870348880988195,
    "is_weekend": 0.07433244513462955,
    "is_airport_pickup": 0.1065055288411215,
    "is_airport_dropoff": 0.05742770265820385,
    "speed_mph": 0.35022492000218824
  },
  "kmeans_elbow": {
    "2": 560.5767991910841,
    "3": 390.8368727699865,
    "4": 271.6002350257405,
    "5": 226.11550165364883,
    "6": 192.8768806388739,
    "7": 160.63541710121527,
    "8": 142.2257258371061,
    "9": 130.61195597126834
  },
  "hypothesis_tests": {
    "H1: Airport fares > non-airport": {
      "t_statistic": 306.128,
      "p_value": "0.00e+00",
      "mean_airport": 49.08,
      "mean_non_airport": 15.54,
      "significant": true
    },
    "H2: Rush-hour duration > off-peak": {
      "t_statistic": 17.625,
      "p_value": "1.59e-69",
      "mean_rush": 14.66,
      "mean_off_peak": 13.96,
      "significant": true
    },
    "H3: Weekend tip rate != weekday": {
      "chi_square": 30.654,
      "p_value": "3.08e-08",
      "weekend_tip_rate": 0.7461,
      "weekday_tip_rate": 0.7545,
      "significant": true
    }
  },
  "cross_validation": {
    "simple_linear_cv_r2": "0.8916 \u00b1 0.0015",
    "multi_var_cv_r2": "0.9238 \u00b1 0.0025",
    "logistic_cv_auc": "0.5892 \u00b1 0.0027"
  }
}