feature,coef
hour,0.21156206163713764
fare_amount,-0.19632188394099184
trip_distance,0.15747540544161845
duration_min,-0.14315245792345194
is_rush_hour,0.11715034662739014
speed_mph,0.08856127180139285
is_airport_dropoff,0.056605090440877276
is_airport_pickup,-0.04099260552416807
passenger_count,0.029907885173253032
is_weekend,-0.0013160965727415227
